Dataset,N,Theta_mean,Theta_SD,Alpha_mean,Alpha_SD,Ratio_mean,PCI_mean,r_PCI_conv,p_value,Phi_organized_pct
PhysioNet,109,6.05346128274321,0.3109255897127675,10.12220557132766,0.4385601885787426,1.678412005462356,0.6314543313874345,0.628,2.5e-13,82.6
LEMON,211,6.05,0.52,9.97,0.85,1.65,0.3,0.497,1.4e-14,79.1
Combined,320,,,,,,,0.54,<1e-20,80.3
